date,symbol,marketcapname,sector
30-06-2022,SHALPAINTS,Smallcap,Industrials
30-06-2022,ORIENTBELL,Smallcap,Industrials
30-06-2022,TVSMOTOR,Largecap,Auto
30-06-2022,VOLTAMP,Smallcap,FMCG
01-07-2022,SHALPAINTS,Smallcap,Industrials
01-07-2022,TVSMOTOR,Largecap,Auto
01-07-2022,VOLTAMP,Smallcap,FMCG
01-07-2022,INSECTICID,Smallcap,Industrials
04-07-2022,AUTOAXLES,Smallcap,Auto
04-07-2022,FIEMIND,Smallcap,Auto
04-07-2022,LUMAXTECH,Smallcap,Auto
04-07-2022,MONTECARLO,Smallcap,Textiles
05-07-2022,AUTOAXLES,Smallcap,Auto
05-07-2022,FIEMIND,Smallcap,Auto
06-07-2022,ABB,Largecap,FMCG
06-07-2022,AUTOAXLES,Smallcap,Auto
06-07-2022,ELECON,Smallcap,FMCG
06-07-2022,VBL,Largecap,FMCG
07-07-2022,ABB,Largecap,FMCG
07-07-2022,ELECON,Smallcap,FMCG
07-07-2022,KKCL,Smallcap,FMCG
07-07-2022,LUMAXTECH,Smallcap,Auto
07-07-2022,VBL,Largecap,FMCG
08-07-2022,ABB,Largecap,FMCG
08-07-2022,TCPLPACK,Smallcap,Services
08-07-2022,KKCL,Smallcap,FMCG
08-07-2022,LUMAXTECH,Smallcap,Auto
08-07-2022,VBL,Largecap,FMCG
11-07-2022,ABB,Largecap,FMCG
11-07-2022,EICHERMOT,Largecap,Auto
11-07-2022,ELECON,Smallcap,FMCG
11-07-2022,SUPERHOUSE,Smallcap,FMCG
11-07-2022,TCPLPACK,Smallcap,Services
11-07-2022,ASTERDM,Midcap,Pharmaceuticals
11-07-2022,KKCL,Smallcap,FMCG
11-07-2022,LUMAXTECH,Smallcap,Auto
12-07-2022,ELECON,Smallcap,FMCG
12-07-2022,TCPLPACK,Smallcap,Services
12-07-2022,ASTERDM,Midcap,Pharmaceuticals
13-07-2022,GRPLTD,Smallcap,FMCG
13-07-2022,TCPLPACK,Smallcap,Services
13-07-2022,ASTERDM,Midcap,Pharmaceuticals
14-07-2022,GRPLTD,Smallcap,FMCG
14-07-2022,ASTERDM,Midcap,Pharmaceuticals
15-07-2022,GRPLTD,Smallcap,FMCG
15-07-2022,SUPERHOUSE,Smallcap,FMCG
15-07-2022,ASTERDM,Midcap,Pharmaceuticals
15-07-2022,LUMAXTECH,Smallcap,Auto
18-07-2022,GRPLTD,Smallcap,FMCG
18-07-2022,SUPERHOUSE,Smallcap,FMCG
18-07-2022,PSPPROJECT,Smallcap,Realty
18-07-2022,ASTERDM,Midcap,Pharmaceuticals
18-07-2022,LUMAXTECH,Smallcap,Auto
19-07-2022,MAHSEAMLES,Smallcap,Metals
19-07-2022,GESHIP,Midcap,Services
19-07-2022,TIMKEN,Largecap,Auto
19-07-2022,SUPERHOUSE,Smallcap,FMCG
19-07-2022,ASTERDM,Midcap,Pharmaceuticals
19-07-2022,INSECTICID,Smallcap,Industrials
20-07-2022,GESHIP,Midcap,Services
20-07-2022,TIMKEN,Largecap,Auto
20-07-2022,NDTV,Smallcap,Media
20-07-2022,ROHLTD,Smallcap,Services
20-07-2022,INSECTICID,Smallcap,Industrials
21-07-2022,ABB,Largecap,FMCG
21-07-2022,MAHSEAMLES,Smallcap,Metals
21-07-2022,CUMMINSIND,Largecap,FMCG
21-07-2022,GESHIP,Midcap,Services
21-07-2022,NDTV,Smallcap,Media
21-07-2022,ROHLTD,Smallcap,Services
22-07-2022,FOSECOIND,Smallcap,Industrials
22-07-2022,MAHSEAMLES,Smallcap,Metals
22-07-2022,GESHIP,Midcap,Services
22-07-2022,NDTV,Smallcap,Media
22-07-2022,SRHHYPOLTD,Smallcap,Industrials
22-07-2022,INSECTICID,Smallcap,Industrials
25-07-2022,FOSECOIND,Smallcap,Industrials
25-07-2022,MAHSEAMLES,Smallcap,Metals
25-07-2022,GESHIP,Midcap,Services
25-07-2022,ELECON,Smallcap,FMCG
25-07-2022,TIMKEN,Largecap,Auto
25-07-2022,VINYLINDIA,Smallcap,Services
25-07-2022,APARINDS,Midcap,FMCG
25-07-2022,SRHHYPOLTD,Smallcap,Industrials
25-07-2022,SPECIALITY,Smallcap,Services
26-07-2022,FOSECOIND,Smallcap,Industrials
26-07-2022,WSTCSTPAPR,Smallcap,Industrials
26-07-2022,VINYLINDIA,Smallcap,Services
26-07-2022,PVR,Midcap,Media
26-07-2022,INOXLEISUR,Midcap,Media
26-07-2022,SRHHYPOLTD,Smallcap,Industrials
27-07-2022,FOSECOIND,Smallcap,Industrials
27-07-2022,WSTCSTPAPR,Smallcap,Industrials
27-07-2022,VINYLINDIA,Smallcap,Services
27-07-2022,PVR,Midcap,Media
27-07-2022,INOXLEISUR,Midcap,Media
27-07-2022,SRHHYPOLTD,Smallcap,Industrials
28-07-2022,WSTCSTPAPR,Smallcap,Industrials
28-07-2022,VINYLINDIA,Smallcap,Services
28-07-2022,PVR,Midcap,Media
28-07-2022,INOXLEISUR,Midcap,Media
29-07-2022,WSTCSTPAPR,Smallcap,Industrials
29-07-2022,SCHAEFFLER,Largecap,Industrials
29-07-2022,BLUEDART,Midcap,Services
29-07-2022,APARINDS,Midcap,FMCG
29-07-2022,PVR,Midcap,Media
29-07-2022,INOXLEISUR,Midcap,Media
29-07-2022,VOLTAMP,Smallcap,FMCG
29-07-2022,SRHHYPOLTD,Smallcap,Industrials
29-07-2022,ROSSELLIND,Smallcap,FMCG
29-07-2022,SPECIALITY,Smallcap,Services
01-08-2022,WSTCSTPAPR,Smallcap,Industrials
01-08-2022,SKFINDIA,Largecap,Industrials
01-08-2022,GESHIP,Midcap,Services
01-08-2022,DEEPAKFERT,Midcap,Industrials
01-08-2022,SESHAPAPER,Smallcap,Industrials
01-08-2022,UNIVCABLES,Smallcap,Industrials
01-08-2022,SCHAEFFLER,Largecap,Industrials
01-08-2022,NAVNETEDUL,Smallcap,Media
01-08-2022,CHOLAFIN,Largecap,Finance
01-08-2022,VINYLINDIA,Smallcap,Services
01-08-2022,SOTL,Smallcap,Oils
01-08-2022,FINEORG,Midcap,Industrials
01-08-2022,TNPL,Smallcap,Industrials
01-08-2022,JKPAPER,Midcap,Industrials
01-08-2022,APARINDS,Midcap,FMCG
01-08-2022,SPECIALITY,Smallcap,Services
01-08-2022,WONDERLA,Smallcap,Media
01-08-2022,VBL,Largecap,FMCG
02-08-2022,WSTCSTPAPR,Smallcap,Industrials
02-08-2022,SKFINDIA,Largecap,Industrials
02-08-2022,GESHIP,Midcap,Services
02-08-2022,DEEPAKFERT,Midcap,Industrials
02-08-2022,ITC,Largecap,FMCG
02-08-2022,APOLLOTYRE,Largecap,Auto
02-08-2022,SESHAPAPER,Smallcap,Industrials
02-08-2022,RUBYMILLS,Smallcap,Textiles
02-08-2022,UNIVCABLES,Smallcap,Industrials
02-08-2022,SCHAEFFLER,Largecap,Industrials
02-08-2022,CHOLAFIN,Largecap,Finance
02-08-2022,SOTL,Smallcap,Oils
02-08-2022,FINEORG,Midcap,Industrials
02-08-2022,TNPL,Smallcap,Industrials
02-08-2022,JKPAPER,Midcap,Industrials
02-08-2022,APARINDS,Midcap,FMCG
02-08-2022,ADANITRANS,Largecap,Miscellaneous
03-08-2022,WSTCSTPAPR,Smallcap,Industrials
03-08-2022,DEEPAKFERT,Midcap,Industrials
03-08-2022,APOLLOTYRE,Largecap,Auto
03-08-2022,NAVNETEDUL,Smallcap,Media
03-08-2022,CHOLAFIN,Largecap,Finance
03-08-2022,SOTL,Smallcap,Oils
03-08-2022,FINEORG,Midcap,Industrials
03-08-2022,JKPAPER,Midcap,Industrials
03-08-2022,APARINDS,Midcap,FMCG
03-08-2022,JYOTHYLAB,Midcap,FMCG
03-08-2022,WONDERLA,Smallcap,Media
03-08-2022,ADANITRANS,Largecap,Miscellaneous
03-08-2022,VBL,Largecap,FMCG
04-08-2022,DEEPAKFERT,Midcap,Industrials
04-08-2022,APOLLOTYRE,Largecap,Auto
04-08-2022,SESHAPAPER,Smallcap,Industrials
04-08-2022,RUBYMILLS,Smallcap,Textiles
04-08-2022,NAVNETEDUL,Smallcap,Media
04-08-2022,SCHAND,Smallcap,Media
04-08-2022,SOTL,Smallcap,Oils
04-08-2022,WONDERLA,Smallcap,Media
04-08-2022,ADANITRANS,Largecap,Miscellaneous
04-08-2022,VBL,Largecap,FMCG
05-08-2022,PHOENIXLTD,Largecap,Realty
05-08-2022,RUBYMILLS,Smallcap,Textiles
05-08-2022,NAVNETEDUL,Smallcap,Media
05-08-2022,TIINDIA,Largecap,Auto
05-08-2022,JYOTHYLAB,Midcap,FMCG
05-08-2022,FCL,Smallcap,Industrials
05-08-2022,WONDERLA,Smallcap,Media
05-08-2022,VBL,Largecap,FMCG
08-08-2022,SIEMENS,Largecap,FMCG
08-08-2022,DEEPAKFERT,Midcap,Industrials
08-08-2022,SESHAPAPER,Smallcap,Industrials
08-08-2022,RUBYMILLS,Smallcap,Textiles
08-08-2022,NAVNETEDUL,Smallcap,Media
08-08-2022,MIRZAINT,Smallcap,FMCG
08-08-2022,HAL,Largecap,FMCG
08-08-2022,KOTHARIPRO,Smallcap,Services
08-08-2022,ROHLTD,Smallcap,Services
08-08-2022,KKCL,Smallcap,FMCG
08-08-2022,JYOTHYLAB,Midcap,FMCG
08-08-2022,RPGLIFE,Smallcap,Pharmaceuticals
08-08-2022,ZFCVINDIA,Midcap,Auto
08-08-2022,CANTABIL,Smallcap,Textiles
08-08-2022,FCL,Smallcap,Industrials
08-08-2022,WONDERLA,Smallcap,Media
08-08-2022,POWERMECH,Smallcap,FMCG
08-08-2022,VBL,Largecap,FMCG
10-08-2022,DEEPAKFERT,Midcap,Industrials
10-08-2022,TATACHEM,Largecap,Industrials
10-08-2022,RUBYMILLS,Smallcap,Textiles
10-08-2022,STARPAPER,Smallcap,Industrials
10-08-2022,SALZERELEC,Smallcap,FMCG
10-08-2022,ELGIEQUIP,Midcap,FMCG
10-08-2022,MIRZAINT,Smallcap,FMCG
10-08-2022,FINEORG,Midcap,Industrials
10-08-2022,JKPAPER,Midcap,Industrials
10-08-2022,KKCL,Smallcap,FMCG
10-08-2022,JYOTHYLAB,Midcap,FMCG
10-08-2022,TWL,Smallcap,FMCG
10-08-2022,RPGLIFE,Smallcap,Pharmaceuticals
10-08-2022,CANTABIL,Smallcap,Textiles
10-08-2022,FCL,Smallcap,Industrials
10-08-2022,WONDERLA,Smallcap,Media
10-08-2022,POWERMECH,Smallcap,FMCG
11-08-2022,LAXMIMACH,Midcap,Industrials
11-08-2022,SIEMENS,Largecap,FMCG
11-08-2022,TATACHEM,Largecap,Industrials
11-08-2022,SALZERELEC,Smallcap,FMCG
11-08-2022,TCPLPACK,Smallcap,Services
11-08-2022,MIRZAINT,Smallcap,FMCG
11-08-2022,HAL,Largecap,FMCG
11-08-2022,FINEORG,Midcap,Industrials
11-08-2022,JKPAPER,Midcap,Industrials
11-08-2022,KKCL,Smallcap,FMCG
11-08-2022,SRHHYPOLTD,Smallcap,Industrials
11-08-2022,JYOTHYLAB,Midcap,FMCG
11-08-2022,TWL,Smallcap,FMCG
11-08-2022,ZFCVINDIA,Midcap,Auto
11-08-2022,CANTABIL,Smallcap,Textiles
11-08-2022,WONDERLA,Smallcap,Media
11-08-2022,POWERMECH,Smallcap,FMCG
12-08-2022,KSB,Midcap,FMCG
12-08-2022,LAXMIMACH,Midcap,Industrials
12-08-2022,TATACHEM,Largecap,Industrials
12-08-2022,SALZERELEC,Smallcap,FMCG
12-08-2022,TCPLPACK,Smallcap,Services
12-08-2022,MIRZAINT,Smallcap,FMCG
12-08-2022,ICICIBANK,Largecap,Bank
12-08-2022,KKCL,Smallcap,FMCG
12-08-2022,CANTABIL,Smallcap,Textiles
12-08-2022,WONDERLA,Smallcap,Media
12-08-2022,POWERMECH,Smallcap,FMCG
16-08-2022,ABB,Largecap,FMCG
16-08-2022,BANCOINDIA,Smallcap,Auto
16-08-2022,KSB,Midcap,FMCG
16-08-2022,LAXMIMACH,Midcap,Industrials
16-08-2022,TATACHEM,Largecap,Industrials
16-08-2022,APOLLOTYRE,Largecap,Auto
16-08-2022,PHOENIXLTD,Largecap,Realty
16-08-2022,EICHERMOT,Largecap,Auto
16-08-2022,ADANIENT,Largecap,Services
16-08-2022,NAVA,Smallcap,Miscellaneous
16-08-2022,SALZERELEC,Smallcap,FMCG
16-08-2022,VESUVIUS,Smallcap,Industrials
16-08-2022,TCPLPACK,Smallcap,Services
16-08-2022,ARMANFIN,Smallcap,Finance
16-08-2022,ICICIBANK,Largecap,Bank
16-08-2022,PGIL,Smallcap,FMCG
16-08-2022,RPGLIFE,Smallcap,Pharmaceuticals
16-08-2022,CANTABIL,Smallcap,Textiles
16-08-2022,FCL,Smallcap,Industrials
16-08-2022,WONDERLA,Smallcap,Media
16-08-2022,POWERMECH,Smallcap,FMCG
17-08-2022,ABB,Largecap,FMCG
17-08-2022,BANCOINDIA,Smallcap,Auto
17-08-2022,KSB,Midcap,FMCG
17-08-2022,LAXMIMACH,Midcap,Industrials
17-08-2022,MAHSEAMLES,Smallcap,Metals
17-08-2022,APOLLOTYRE,Largecap,Auto
17-08-2022,EICHERMOT,Largecap,Auto
17-08-2022,ADANIENT,Largecap,Services
17-08-2022,NAVA,Smallcap,Miscellaneous
17-08-2022,SALZERELEC,Smallcap,FMCG
17-08-2022,VESUVIUS,Smallcap,Industrials
17-08-2022,TCPLPACK,Smallcap,Services
17-08-2022,SCHAND,Smallcap,Media
17-08-2022,PREMEXPLN,Smallcap,Industrials
17-08-2022,ARMANFIN,Smallcap,Finance
17-08-2022,MAHLIFE,Midcap,Realty
17-08-2022,ROHLTD,Smallcap,Services
17-08-2022,PGIL,Smallcap,FMCG
17-08-2022,ZFCVINDIA,Midcap,Auto
17-08-2022,ADANIPOWER,Largecap,Miscellaneous
17-08-2022,ROSSELLIND,Smallcap,FMCG
18-08-2022,BANCOINDIA,Smallcap,Auto
18-08-2022,THERMAX,Largecap,FMCG
18-08-2022,APOLLOTYRE,Largecap,Auto
18-08-2022,PHOENIXLTD,Largecap,Realty
18-08-2022,RUBYMILLS,Smallcap,Textiles
18-08-2022,EICHERMOT,Largecap,Auto
18-08-2022,ITDCEM,Smallcap,Realty
18-08-2022,ADANIENT,Largecap,Services
18-08-2022,ORBTEXP,Smallcap,Textiles
18-08-2022,NAVA,Smallcap,Miscellaneous
18-08-2022,SALZERELEC,Smallcap,FMCG
18-08-2022,VESUVIUS,Smallcap,Industrials
18-08-2022,TCPLPACK,Smallcap,Services
18-08-2022,SCHAND,Smallcap,Media
18-08-2022,SOTL,Smallcap,Oils
18-08-2022,PREMEXPLN,Smallcap,Industrials
18-08-2022,MIRZAINT,Smallcap,FMCG
18-08-2022,MAHLIFE,Midcap,Realty
18-08-2022,ROHLTD,Smallcap,Services
18-08-2022,KKCL,Smallcap,FMCG
18-08-2022,PGIL,Smallcap,FMCG
18-08-2022,ADANIPOWER,Largecap,Miscellaneous
18-08-2022,ROSSELLIND,Smallcap,FMCG
19-08-2022,BANCOINDIA,Smallcap,Auto
19-08-2022,THERMAX,Largecap,FMCG
19-08-2022,PHOENIXLTD,Largecap,Realty
19-08-2022,RUBYMILLS,Smallcap,Textiles
19-08-2022,UNIVCABLES,Smallcap,Industrials
19-08-2022,EICHERMOT,Largecap,Auto
19-08-2022,ITDCEM,Smallcap,Realty
19-08-2022,VESUVIUS,Smallcap,Industrials
19-08-2022,TCPLPACK,Smallcap,Services
19-08-2022,PREMEXPLN,Smallcap,Industrials
19-08-2022,MAHLIFE,Midcap,Realty
19-08-2022,ASTRAMICRO,Smallcap,Telecom
19-08-2022,NDTV,Smallcap,Media
19-08-2022,PGIL,Smallcap,FMCG
19-08-2022,TWL,Smallcap,FMCG
19-08-2022,ADANIPOWER,Largecap,Miscellaneous
19-08-2022,POWERMECH,Smallcap,FMCG
22-08-2022,BANCOINDIA,Smallcap,Auto
22-08-2022,RELINFRA,Smallcap,Realty
22-08-2022,THERMAX,Largecap,FMCG
22-08-2022,RUBYMILLS,Smallcap,Textiles
22-08-2022,UNIVCABLES,Smallcap,Industrials
22-08-2022,VESUVIUS,Smallcap,Industrials
22-08-2022,TCPLPACK,Smallcap,Services
22-08-2022,SCHAND,Smallcap,Media
22-08-2022,SELAN,Smallcap,Oils
22-08-2022,MAHLIFE,Midcap,Realty
22-08-2022,TVSELECT,Smallcap,I.T
22-08-2022,NDTV,Smallcap,Media
22-08-2022,PGIL,Smallcap,FMCG
22-08-2022,TWL,Smallcap,FMCG
23-08-2022,BANCOINDIA,Smallcap,Auto
23-08-2022,SESHAPAPER,Smallcap,Industrials
23-08-2022,ITDCEM,Smallcap,Realty
23-08-2022,VESUVIUS,Smallcap,Industrials
23-08-2022,SHANTIGEAR,Smallcap,Auto
23-08-2022,TCPLPACK,Smallcap,Services
23-08-2022,SCHAND,Smallcap,Media
23-08-2022,SOTL,Smallcap,Oils
23-08-2022,PREMEXPLN,Smallcap,Industrials
23-08-2022,SELAN,Smallcap,Oils
23-08-2022,ASTRAMICRO,Smallcap,Telecom
23-08-2022,TVSELECT,Smallcap,I.T
24-08-2022,ABB,Largecap,FMCG
24-08-2022,BANCOINDIA,Smallcap,Auto
24-08-2022,UFLEX,Smallcap,Services
24-08-2022,INGERRAND,Midcap,FMCG
24-08-2022,THERMAX,Largecap,FMCG
24-08-2022,SESHAPAPER,Smallcap,Industrials
24-08-2022,ITDCEM,Smallcap,Realty
24-08-2022,STARPAPER,Smallcap,Industrials
24-08-2022,VESUVIUS,Smallcap,Industrials
24-08-2022,SHANTIGEAR,Smallcap,Auto
24-08-2022,VINYLINDIA,Smallcap,Services
24-08-2022,SOTL,Smallcap,Oils
24-08-2022,PREMEXPLN,Smallcap,Industrials
24-08-2022,SELAN,Smallcap,Oils
24-08-2022,CHEMFAB,Smallcap,Industrials
24-08-2022,ASTRAMICRO,Smallcap,Telecom
24-08-2022,TVSELECT,Smallcap,I.T
24-08-2022,NDTV,Smallcap,Media
24-08-2022,JYOTHYLAB,Midcap,FMCG
24-08-2022,TWL,Smallcap,FMCG
25-08-2022,ABB,Largecap,FMCG
25-08-2022,BANCOINDIA,Smallcap,Auto
25-08-2022,UFLEX,Smallcap,Services
25-08-2022,INGERRAND,Midcap,FMCG
25-08-2022,THERMAX,Largecap,FMCG
25-08-2022,TRF,Smallcap,FMCG
25-08-2022,SHANTIGEAR,Smallcap,Auto
25-08-2022,VINYLINDIA,Smallcap,Services
25-08-2022,PREMEXPLN,Smallcap,Industrials
25-08-2022,SELAN,Smallcap,Oils
25-08-2022,MAHLIFE,Midcap,Realty
25-08-2022,ASTRAMICRO,Smallcap,Telecom
25-08-2022,TVSELECT,Smallcap,I.T
25-08-2022,NDTV,Smallcap,Media
25-08-2022,ROHLTD,Smallcap,Services
25-08-2022,RUCHIRA,Smallcap,Industrials
25-08-2022,LUMAXTECH,Smallcap,Auto
25-08-2022,INDIANB,Largecap,Bank
25-08-2022,TIMETECHNO,Smallcap,FMCG
25-08-2022,JYOTHYLAB,Midcap,FMCG
25-08-2022,TWL,Smallcap,FMCG
26-08-2022,ABB,Largecap,FMCG
26-08-2022,BANCOINDIA,Smallcap,Auto
26-08-2022,UFLEX,Smallcap,Services
26-08-2022,INGERRAND,Midcap,FMCG
26-08-2022,RELINFRA,Smallcap,Realty
26-08-2022,THERMAX,Largecap,FMCG
26-08-2022,NRAIL,Smallcap,Industrials
26-08-2022,VINYLINDIA,Smallcap,Services
26-08-2022,PREMEXPLN,Smallcap,Industrials
26-08-2022,ASTRAMICRO,Smallcap,Telecom
26-08-2022,NDTV,Smallcap,Media
26-08-2022,RUCHIRA,Smallcap,Industrials
26-08-2022,LUMAXTECH,Smallcap,Auto
26-08-2022,INDIANB,Largecap,Bank
26-08-2022,TIMETECHNO,Smallcap,FMCG
29-08-2022,ABB,Largecap,FMCG
29-08-2022,INGERRAND,Midcap,FMCG
29-08-2022,RELINFRA,Smallcap,Realty
29-08-2022,ITDCEM,Smallcap,Realty
29-08-2022,NRAIL,Smallcap,Industrials
29-08-2022,VINYLINDIA,Smallcap,Services
29-08-2022,PREMEXPLN,Smallcap,Industrials
29-08-2022,ASTRAMICRO,Smallcap,Telecom
29-08-2022,NDTV,Smallcap,Media
29-08-2022,KAMDHENU,Smallcap,Metals
29-08-2022,TIMETECHNO,Smallcap,FMCG
29-08-2022,TWL,Smallcap,FMCG
29-08-2022,RUSHIL,Smallcap,Miscellaneous
29-08-2022,MAXIND,Smallcap,Miscellaneous
30-08-2022,ABB,Largecap,FMCG
30-08-2022,INGERRAND,Midcap,FMCG
30-08-2022,RELINFRA,Smallcap,Realty
30-08-2022,FEDERALBNK,Largecap,Bank
30-08-2022,ASHOKLEY,Largecap,Auto
30-08-2022,GESHIP,Midcap,Services
30-08-2022,ITDCEM,Smallcap,Realty
30-08-2022,STARPAPER,Smallcap,Industrials
30-08-2022,NRAIL,Smallcap,Industrials
30-08-2022,CHEMFAB,Smallcap,Industrials
30-08-2022,BANKBARODA,Largecap,Bank
30-08-2022,NDTV,Smallcap,Media
30-08-2022,KAMDHENU,Smallcap,Metals
30-08-2022,TWL,Smallcap,FMCG
30-08-2022,SPECIALITY,Smallcap,Services
30-08-2022,MAXIND,Smallcap,Miscellaneous
01-09-2022,INGERRAND,Midcap,FMCG
01-09-2022,PATANJALI,Largecap,FMCG
01-09-2022,FEDERALBNK,Largecap,Bank
01-09-2022,BAJAJHLDNG,Largecap,Finance
01-09-2022,GESHIP,Midcap,Services
01-09-2022,INDHOTEL,Largecap,Services
01-09-2022,TATAINVEST,Midcap,Finance
01-09-2022,ITDCEM,Smallcap,Realty
01-09-2022,NRAIL,Smallcap,Industrials
01-09-2022,SKMEGGPROD,Smallcap,FMCG
01-09-2022,VINYLINDIA,Smallcap,Services
01-09-2022,APOLSINHOT,Smallcap,Services
01-09-2022,TEJASNET,Midcap,Telecom
01-09-2022,COCHINSHIP,Midcap,Industrials
01-09-2022,INDIACEM,Midcap,Industrials
01-09-2022,CHEMFAB,Smallcap,Industrials
01-09-2022,RITES,Midcap,Realty
01-09-2022,KRBL,Midcap,FMCG
01-09-2022,BANKBARODA,Largecap,Bank
01-09-2022,NDTV,Smallcap,Media
01-09-2022,KAMDHENU,Smallcap,Metals
01-09-2022,RPGLIFE,Smallcap,Pharmaceuticals
01-09-2022,ROSSELLIND,Smallcap,FMCG
01-09-2022,FCL,Smallcap,Industrials
01-09-2022,INOXWIND,Smallcap,FMCG
02-09-2022,PATANJALI,Largecap,FMCG
02-09-2022,FEDERALBNK,Largecap,Bank
02-09-2022,BAJAJHLDNG,Largecap,Finance
02-09-2022,EIHOTEL,Midcap,Services
02-09-2022,INDHOTEL,Largecap,Services
02-09-2022,TATAINVEST,Midcap,Finance
02-09-2022,GMMPFAUDLR,Midcap,FMCG
02-09-2022,UNICHEMLAB,Smallcap,Pharmaceuticals
02-09-2022,NRAIL,Smallcap,Industrials
02-09-2022,SKMEGGPROD,Smallcap,FMCG
02-09-2022,VINYLINDIA,Smallcap,Services
02-09-2022,TEJASNET,Midcap,Telecom
02-09-2022,INDIACEM,Midcap,Industrials
02-09-2022,JKTYRE,Smallcap,Auto
02-09-2022,CHEMFAB,Smallcap,Industrials
02-09-2022,NDTV,Smallcap,Media
02-09-2022,ROHLTD,Smallcap,Services
02-09-2022,RPGLIFE,Smallcap,Pharmaceuticals
02-09-2022,ROSSELLIND,Smallcap,FMCG
02-09-2022,FCL,Smallcap,Industrials
02-09-2022,INOXWIND,Smallcap,FMCG
05-09-2022,MAHSCOOTER,Midcap,Finance
05-09-2022,PATANJALI,Largecap,FMCG
05-09-2022,EIHOTEL,Midcap,Services
05-09-2022,INDHOTEL,Largecap,Services
05-09-2022,TATAINVEST,Midcap,Finance
05-09-2022,GMMPFAUDLR,Midcap,FMCG
05-09-2022,HERCULES,Smallcap,FMCG
05-09-2022,SCHAEFFLER,Largecap,Industrials
05-09-2022,UNICHEMLAB,Smallcap,Pharmaceuticals
05-09-2022,TVSSRICHAK,Smallcap,Auto
05-09-2022,ITDCEM,Smallcap,Realty
05-09-2022,JAICORPLTD,Smallcap,FMCG
05-09-2022,SHANTIGEAR,Smallcap,Auto
05-09-2022,SKMEGGPROD,Smallcap,FMCG
05-09-2022,TIINDIA,Largecap,Auto
05-09-2022,APOLLO,Smallcap,I.T
05-09-2022,CHEMFAB,Smallcap,Industrials
05-09-2022,WELENT,Smallcap,Realty
05-09-2022,KERNEX,Smallcap,FMCG
05-09-2022,ROHLTD,Smallcap,Services
05-09-2022,FCL,Smallcap,Industrials
05-09-2022,SREEL,Smallcap,FMCG
05-09-2022,INOXWIND,Smallcap,FMCG
06-09-2022,MAHSCOOTER,Midcap,Finance
06-09-2022,PATANJALI,Largecap,FMCG
06-09-2022,AMBUJACEM,Largecap,Industrials
06-09-2022,BAJAJHLDNG,Largecap,Finance
06-09-2022,INDHOTEL,Largecap,Services
06-09-2022,APOLLOTYRE,Largecap,Auto
06-09-2022,TATAINVEST,Midcap,Finance
06-09-2022,GMMPFAUDLR,Midcap,FMCG
06-09-2022,REVATHI,Smallcap,FMCG
06-09-2022,HERCULES,Smallcap,FMCG
06-09-2022,SCHAEFFLER,Largecap,Industrials
06-09-2022,UNICHEMLAB,Smallcap,Pharmaceuticals
06-09-2022,TVSSRICHAK,Smallcap,Auto
06-09-2022,JAICORPLTD,Smallcap,FMCG
06-09-2022,SKMEGGPROD,Smallcap,FMCG
06-09-2022,MIRZAINT,Smallcap,FMCG
06-09-2022,TIINDIA,Largecap,Auto
06-09-2022,JKTYRE,Smallcap,Auto
06-09-2022,APOLLO,Smallcap,I.T
06-09-2022,KERNEX,Smallcap,FMCG
06-09-2022,ROHLTD,Smallcap,Services
06-09-2022,ROSSELLIND,Smallcap,FMCG
06-09-2022,FCL,Smallcap,Industrials
06-09-2022,SREEL,Smallcap,FMCG
07-09-2022,CIPLA,Largecap,Pharmaceuticals
07-09-2022,MAHSCOOTER,Midcap,Finance
07-09-2022,PATANJALI,Largecap,FMCG
07-09-2022,AMBUJACEM,Largecap,Industrials
07-09-2022,EIHOTEL,Midcap,Services
07-09-2022,TATAINVEST,Midcap,Finance
07-09-2022,REVATHI,Smallcap,FMCG
07-09-2022,HERCULES,Smallcap,FMCG
07-09-2022,SCHAEFFLER,Largecap,Industrials
07-09-2022,UNICHEMLAB,Smallcap,Pharmaceuticals
07-09-2022,TVSSRICHAK,Smallcap,Auto
07-09-2022,JAICORPLTD,Smallcap,FMCG
07-09-2022,MIRZAINT,Smallcap,FMCG
07-09-2022,TIINDIA,Largecap,Auto
07-09-2022,JKTYRE,Smallcap,Auto
07-09-2022,WELENT,Smallcap,Realty
07-09-2022,KERNEX,Smallcap,FMCG
07-09-2022,ROSSELLIND,Smallcap,FMCG
07-09-2022,FCL,Smallcap,Industrials
07-09-2022,SREEL,Smallcap,FMCG
07-09-2022,ABFRL,Largecap,FMCG
07-09-2022,INOXWIND,Smallcap,FMCG
08-09-2022,CIPLA,Largecap,Pharmaceuticals
08-09-2022,MAHSCOOTER,Midcap,Finance
08-09-2022,PATANJALI,Largecap,FMCG
08-09-2022,AMBUJACEM,Largecap,Industrials
08-09-2022,BAJAJHLDNG,Largecap,Finance
08-09-2022,EIHOTEL,Midcap,Services
08-09-2022,HERCULES,Smallcap,FMCG
08-09-2022,SCHAEFFLER,Largecap,Industrials
08-09-2022,UNICHEMLAB,Smallcap,Pharmaceuticals
08-09-2022,JAICORPLTD,Smallcap,FMCG
08-09-2022,TIINDIA,Largecap,Auto
08-09-2022,SELAN,Smallcap,Oils
08-09-2022,BANKBARODA,Largecap,Bank
08-09-2022,WELENT,Smallcap,Realty
08-09-2022,KERNEX,Smallcap,FMCG
08-09-2022,INDIANB,Largecap,Bank
08-09-2022,SCHNEIDER,Smallcap,FMCG
08-09-2022,SREEL,Smallcap,FMCG
08-09-2022,INOXWIND,Smallcap,FMCG
09-09-2022,CIPLA,Largecap,Pharmaceuticals
09-09-2022,MAHSCOOTER,Midcap,Finance
09-09-2022,PATANJALI,Largecap,FMCG
09-09-2022,BAJAJHLDNG,Largecap,Finance
09-09-2022,TATAINVEST,Midcap,Finance
09-09-2022,HERCULES,Smallcap,FMCG
09-09-2022,SCHAEFFLER,Largecap,Industrials
09-09-2022,UNICHEMLAB,Smallcap,Pharmaceuticals
09-09-2022,VINYLINDIA,Smallcap,Services
09-09-2022,TIINDIA,Largecap,Auto
09-09-2022,WELENT,Smallcap,Realty
09-09-2022,KAMDHENU,Smallcap,Metals
09-09-2022,AHLEAST,Smallcap,Services
09-09-2022,SCHNEIDER,Smallcap,FMCG
12-09-2022,AMBUJACEM,Largecap,Industrials
12-09-2022,BAJAJHLDNG,Largecap,Finance
12-09-2022,APOLLOTYRE,Largecap,Auto
12-09-2022,TATAINVEST,Midcap,Finance
12-09-2022,REVATHI,Smallcap,FMCG
12-09-2022,HERCULES,Smallcap,FMCG
12-09-2022,UNICHEMLAB,Smallcap,Pharmaceuticals
12-09-2022,VINYLINDIA,Smallcap,Services
12-09-2022,ASPINWALL,Smallcap,Services
12-09-2022,LIBERTSHOE,Smallcap,FMCG
12-09-2022,SELAN,Smallcap,Oils
12-09-2022,CHEMFAB,Smallcap,Industrials
12-09-2022,FINEORG,Midcap,Industrials
12-09-2022,AURIONPRO,Smallcap,I.T
12-09-2022,AHLEAST,Smallcap,Services
12-09-2022,INOXWIND,Smallcap,FMCG
13-09-2022,MAHSCOOTER,Midcap,Finance
13-09-2022,AMBUJACEM,Largecap,Industrials
13-09-2022,TATAINVEST,Midcap,Finance
13-09-2022,REVATHI,Smallcap,FMCG
13-09-2022,BHARATGEAR,Smallcap,Auto
13-09-2022,HERCULES,Smallcap,FMCG
13-09-2022,TRF,Smallcap,FMCG
13-09-2022,VINYLINDIA,Smallcap,Services
13-09-2022,ASPINWALL,Smallcap,Services
13-09-2022,LIBERTSHOE,Smallcap,FMCG
13-09-2022,SELAN,Smallcap,Oils
13-09-2022,CHEMFAB,Smallcap,Industrials
13-09-2022,FINEORG,Midcap,Industrials
13-09-2022,KRBL,Midcap,FMCG
13-09-2022,AXISCADES,Smallcap,I.T
13-09-2022,AURIONPRO,Smallcap,I.T
13-09-2022,DAAWAT,Smallcap,FMCG
13-09-2022,AHLEAST,Smallcap,Services
13-09-2022,INOXWIND,Smallcap,FMCG
14-09-2022,MAHSCOOTER,Midcap,Finance
14-09-2022,AMBUJACEM,Largecap,Industrials
14-09-2022,BAJAJHLDNG,Largecap,Finance
14-09-2022,TATAINVEST,Midcap,Finance
14-09-2022,BHARATGEAR,Smallcap,Auto
14-09-2022,TRF,Smallcap,FMCG
14-09-2022,SALZERELEC,Smallcap,FMCG
14-09-2022,ASPINWALL,Smallcap,Services
14-09-2022,LIBERTSHOE,Smallcap,FMCG
14-09-2022,INDIACEM,Midcap,Industrials
14-09-2022,CHEMFAB,Smallcap,Industrials
14-09-2022,FINEORG,Midcap,Industrials
14-09-2022,KRBL,Midcap,FMCG
14-09-2022,AXISCADES,Smallcap,I.T
14-09-2022,SHOPERSTOP,Midcap,FMCG
14-09-2022,AURIONPRO,Smallcap,I.T
14-09-2022,DAAWAT,Smallcap,FMCG
14-09-2022,AHLEAST,Smallcap,Services
15-09-2022,MAHSCOOTER,Midcap,Finance
15-09-2022,AMBUJACEM,Largecap,Industrials
15-09-2022,BAJAJHLDNG,Largecap,Finance
15-09-2022,APOLLOTYRE,Largecap,Auto
15-09-2022,TATAINVEST,Midcap,Finance
15-09-2022,BHARATGEAR,Smallcap,Auto
15-09-2022,TRF,Smallcap,FMCG
15-09-2022,TVSSRICHAK,Smallcap,Auto
15-09-2022,JAICORPLTD,Smallcap,FMCG
15-09-2022,ADANIENT,Largecap,Services
15-09-2022,SALZERELEC,Smallcap,FMCG
15-09-2022,ASPINWALL,Smallcap,Services
15-09-2022,INDIACEM,Midcap,Industrials
15-09-2022,JKTYRE,Smallcap,Auto
15-09-2022,AXISCADES,Smallcap,I.T
15-09-2022,SHOPERSTOP,Midcap,FMCG
15-09-2022,AURIONPRO,Smallcap,I.T
15-09-2022,DAAWAT,Smallcap,FMCG
15-09-2022,POWERMECH,Smallcap,FMCG
16-09-2022,TATAINVEST,Midcap,Finance
16-09-2022,BHARATGEAR,Smallcap,Auto
16-09-2022,TRF,Smallcap,FMCG
16-09-2022,JKTYRE,Smallcap,Auto
16-09-2022,AXISCADES,Smallcap,I.T
16-09-2022,SHOPERSTOP,Midcap,FMCG
16-09-2022,AHLEAST,Smallcap,Services
16-09-2022,POWERMECH,Smallcap,FMCG
19-09-2022,AMBUJACEM,Largecap,Industrials
19-09-2022,REVATHI,Smallcap,FMCG
19-09-2022,HERCULES,Smallcap,FMCG
19-09-2022,TRF,Smallcap,FMCG
19-09-2022,AXISCADES,Smallcap,I.T
19-09-2022,DAAWAT,Smallcap,FMCG
19-09-2022,AHLEAST,Smallcap,Services
19-09-2022,POWERMECH,Smallcap,FMCG
20-09-2022,AMBUJACEM,Largecap,Industrials
20-09-2022,REVATHI,Smallcap,FMCG
20-09-2022,TRF,Smallcap,FMCG
20-09-2022,VESUVIUS,Smallcap,Industrials
20-09-2022,COCHINSHIP,Midcap,Industrials
20-09-2022,APOLLO,Smallcap,I.T
20-09-2022,WELCORP,Midcap,Metals
20-09-2022,POWERMECH,Smallcap,FMCG
21-09-2022,TRF,Smallcap,FMCG
21-09-2022,VESUVIUS,Smallcap,Industrials
21-09-2022,COCHINSHIP,Midcap,Industrials
21-09-2022,LIBERTSHOE,Smallcap,FMCG
21-09-2022,WELCORP,Midcap,Metals
21-09-2022,POWERMECH,Smallcap,FMCG
22-09-2022,TRF,Smallcap,FMCG
22-09-2022,VESUVIUS,Smallcap,Industrials
22-09-2022,COCHINSHIP,Midcap,Industrials
22-09-2022,LIBERTSHOE,Smallcap,FMCG
22-09-2022,WELCORP,Midcap,Metals
22-09-2022,ROHLTD,Smallcap,Services
22-09-2022,DAAWAT,Smallcap,FMCG
23-09-2022,LIBERTSHOE,Smallcap,FMCG
23-09-2022,SCHNEIDER,Smallcap,FMCG
27-09-2022,CIPLA,Largecap,Pharmaceuticals
27-09-2022,LIBERTSHOE,Smallcap,FMCG
28-09-2022,APOLSINHOT,Smallcap,Services
28-09-2022,LIBERTSHOE,Smallcap,FMCG
28-09-2022,SREEL,Smallcap,FMCG
29-09-2022,CIPLA,Largecap,Pharmaceuticals
29-09-2022,APOLSINHOT,Smallcap,Services
29-09-2022,LIBERTSHOE,Smallcap,FMCG
29-09-2022,APOLLO,Smallcap,I.T
29-09-2022,RITES,Midcap,Realty
30-09-2022,INGERRAND,Midcap,FMCG
30-09-2022,APOLSINHOT,Smallcap,Services
30-09-2022,TEJASNET,Midcap,Telecom
30-09-2022,LIBERTSHOE,Smallcap,FMCG
30-09-2022,APOLLO,Smallcap,I.T
30-09-2022,RITES,Midcap,Realty
30-09-2022,SOLARINDS,Largecap,Industrials
30-09-2022,SCHNEIDER,Smallcap,FMCG
03-10-2022,CIPLA,Largecap,Pharmaceuticals
03-10-2022,APOLSINHOT,Smallcap,Services
03-10-2022,COCHINSHIP,Midcap,Industrials
03-10-2022,LIBERTSHOE,Smallcap,FMCG
03-10-2022,DIAMONDYD,Smallcap,FMCG
03-10-2022,RITES,Midcap,Realty
03-10-2022,ALKALI,Smallcap,Industrials
03-10-2022,TRITURBINE,Midcap,FMCG
04-10-2022,CIPLA,Largecap,Pharmaceuticals
04-10-2022,SHANTIGEAR,Smallcap,Auto
04-10-2022,SKMEGGPROD,Smallcap,FMCG
04-10-2022,APOLSINHOT,Smallcap,Services
04-10-2022,COCHINSHIP,Midcap,Industrials
04-10-2022,LIBERTSHOE,Smallcap,FMCG
04-10-2022,DIAMONDYD,Smallcap,FMCG
04-10-2022,RITES,Midcap,Realty
04-10-2022,ALKALI,Smallcap,Industrials
04-10-2022,TRITURBINE,Midcap,FMCG
04-10-2022,MAXVIL,Smallcap,Finance
06-10-2022,GODFRYPHLP,Midcap,FMCG
06-10-2022,EVERESTIND,Smallcap,Industrials
06-10-2022,SKMEGGPROD,Smallcap,FMCG
06-10-2022,APOLSINHOT,Smallcap,Services
06-10-2022,COCHINSHIP,Midcap,Industrials
06-10-2022,APOLLO,Smallcap,I.T
06-10-2022,MIDHANI,Smallcap,Metals
06-10-2022,RITES,Midcap,Realty
06-10-2022,MAXVIL,Smallcap,Finance
07-10-2022,GODFRYPHLP,Midcap,FMCG
07-10-2022,UNIVCABLES,Smallcap,Industrials
07-10-2022,EVERESTIND,Smallcap,Industrials
07-10-2022,SKMEGGPROD,Smallcap,FMCG
07-10-2022,APOLSINHOT,Smallcap,Services
07-10-2022,COCHINSHIP,Midcap,Industrials
07-10-2022,MIDHANI,Smallcap,Metals
07-10-2022,RITES,Midcap,Realty
07-10-2022,MAXVIL,Smallcap,Finance
10-10-2022,GODFRYPHLP,Midcap,FMCG
10-10-2022,EVERESTIND,Smallcap,Industrials
10-10-2022,ZENITHEXPO,Smallcap,Textiles
10-10-2022,GANECOS,Smallcap,Textiles
10-10-2022,APOLSINHOT,Smallcap,Services
10-10-2022,RITES,Midcap,Realty
10-10-2022,KERNEX,Smallcap,FMCG
10-10-2022,MAXVIL,Smallcap,Finance
11-10-2022,EVERESTIND,Smallcap,Industrials
11-10-2022,JINDRILL,Smallcap,Oils
11-10-2022,ZENITHEXPO,Smallcap,Textiles
11-10-2022,GANECOS,Smallcap,Textiles
11-10-2022,KERNEX,Smallcap,FMCG
12-10-2022,EVERESTIND,Smallcap,Industrials
12-10-2022,JINDRILL,Smallcap,Oils
12-10-2022,ZENITHEXPO,Smallcap,Textiles
12-10-2022,GANECOS,Smallcap,Textiles
12-10-2022,WIPL,Smallcap,Miscellaneous
12-10-2022,KERNEX,Smallcap,FMCG
12-10-2022,ASTEC,Smallcap,Industrials
13-10-2022,JINDRILL,Smallcap,Oils
13-10-2022,ZENITHEXPO,Smallcap,Textiles
13-10-2022,WIPL,Smallcap,Miscellaneous
13-10-2022,LIBERTSHOE,Smallcap,FMCG
13-10-2022,APOLLO,Smallcap,I.T
13-10-2022,ASTEC,Smallcap,Industrials
14-10-2022,ZENITHEXPO,Smallcap,Textiles
14-10-2022,WIPL,Smallcap,Miscellaneous
14-10-2022,APOLLO,Smallcap,I.T
14-10-2022,GSS,Smallcap,I.T
14-10-2022,ASTEC,Smallcap,Industrials
17-10-2022,GODFRYPHLP,Midcap,FMCG
17-10-2022,ZENITHEXPO,Smallcap,Textiles
17-10-2022,CENTUM,Smallcap,FMCG
17-10-2022,MAZDA,Smallcap,FMCG
17-10-2022,WIPL,Smallcap,Miscellaneous
17-10-2022,APOLLO,Smallcap,I.T
17-10-2022,GSS,Smallcap,I.T
17-10-2022,ALKALI,Smallcap,Industrials
17-10-2022,ASTEC,Smallcap,Industrials
18-10-2022,ZENITHEXPO,Smallcap,Textiles
18-10-2022,MAZDA,Smallcap,FMCG
18-10-2022,WIPL,Smallcap,Miscellaneous
18-10-2022,NSIL,Smallcap,Finance
18-10-2022,AXISCADES,Smallcap,I.T
18-10-2022,INDIANB,Largecap,Bank
18-10-2022,RAMKY,Smallcap,Realty
19-10-2022,ZENITHEXPO,Smallcap,Textiles
19-10-2022,HONDAPOWER,Smallcap,FMCG
19-10-2022,MAZDA,Smallcap,FMCG
19-10-2022,NSIL,Smallcap,Finance
19-10-2022,AXISCADES,Smallcap,I.T
19-10-2022,INDIANB,Largecap,Bank
19-10-2022,GSS,Smallcap,I.T
19-10-2022,ALKALI,Smallcap,Industrials
20-10-2022,KALYANIFRG,Smallcap,Industrials
20-10-2022,MAZDA,Smallcap,FMCG
20-10-2022,NSIL,Smallcap,Finance
20-10-2022,AXISCADES,Smallcap,I.T
20-10-2022,CANBK,Largecap,Bank
20-10-2022,INDIANB,Largecap,Bank
20-10-2022,ALKALI,Smallcap,Industrials
20-10-2022,RAMKY,Smallcap,Realty
20-10-2022,JPOLYINVST,Smallcap,Finance
21-10-2022,KALPATPOWR,Midcap,FMCG
21-10-2022,MAZDA,Smallcap,FMCG
21-10-2022,AXISBANK,Largecap,Bank
21-10-2022,NSIL,Smallcap,Finance
21-10-2022,AXISCADES,Smallcap,I.T
21-10-2022,CANBK,Largecap,Bank
21-10-2022,INDIANB,Largecap,Bank
21-10-2022,RAMKY,Smallcap,Realty
21-10-2022,JPOLYINVST,Smallcap,Finance
24-10-2022,KOTAKPSUBK,Smallcap,Indices
24-10-2022,KALYANIFRG,Smallcap,Industrials
24-10-2022,CENTUM,Smallcap,FMCG
24-10-2022,KALPATPOWR,Midcap,FMCG
24-10-2022,MAZDA,Smallcap,FMCG
24-10-2022,AXISBANK,Largecap,Bank
24-10-2022,AXISCADES,Smallcap,I.T
24-10-2022,CANBK,Largecap,Bank
24-10-2022,KTKBANK,Smallcap,Bank
24-10-2022,INDIANB,Largecap,Bank
24-10-2022,DLINKINDIA,Smallcap,I.T
24-10-2022,RAMKY,Smallcap,Realty
24-10-2022,JPOLYINVST,Smallcap,Finance
24-10-2022,MAXIND,Smallcap,Miscellaneous
25-10-2022,KOTAKPSUBK,Smallcap,Indices
25-10-2022,KALYANIFRG,Smallcap,Industrials
25-10-2022,CENTUM,Smallcap,FMCG
25-10-2022,MAZDA,Smallcap,FMCG
25-10-2022,AXISCADES,Smallcap,I.T
25-10-2022,CANBK,Largecap,Bank
25-10-2022,DAAWAT,Smallcap,FMCG
25-10-2022,DLINKINDIA,Smallcap,I.T
25-10-2022,RAMKY,Smallcap,Realty
25-10-2022,JPOLYINVST,Smallcap,Finance
25-10-2022,MAXIND,Smallcap,Miscellaneous
27-10-2022,KOTAKPSUBK,Smallcap,Indices
27-10-2022,BBL,Smallcap,FMCG
27-10-2022,KALYANIFRG,Smallcap,Industrials
27-10-2022,CONCOR,Largecap,Services
27-10-2022,NSIL,Smallcap,Finance
27-10-2022,AXISCADES,Smallcap,I.T
27-10-2022,CANBK,Largecap,Bank
27-10-2022,IIFL,Midcap,Finance
27-10-2022,KTKBANK,Smallcap,Bank
27-10-2022,DAAWAT,Smallcap,FMCG
27-10-2022,DLINKINDIA,Smallcap,I.T
27-10-2022,RAMKY,Smallcap,Realty
27-10-2022,JPOLYINVST,Smallcap,Finance
27-10-2022,MAXIND,Smallcap,Miscellaneous
28-10-2022,BBL,Smallcap,FMCG
28-10-2022,KALYANIFRG,Smallcap,Industrials
28-10-2022,KALPATPOWR,Midcap,FMCG
28-10-2022,NSIL,Smallcap,Finance
28-10-2022,MARUTI,Largecap,Auto
28-10-2022,IIFL,Midcap,Finance
28-10-2022,INDIANB,Largecap,Bank
28-10-2022,GSS,Smallcap,I.T
28-10-2022,DLINKINDIA,Smallcap,I.T
28-10-2022,RAMKY,Smallcap,Realty
28-10-2022,JPOLYINVST,Smallcap,Finance
31-10-2022,UNICHEMLAB,Smallcap,Pharmaceuticals
31-10-2022,KALYANIFRG,Smallcap,Industrials
31-10-2022,CENTUM,Smallcap,FMCG
31-10-2022,IIFL,Midcap,Finance
31-10-2022,INDIANB,Largecap,Bank
31-10-2022,DLINKINDIA,Smallcap,I.T
31-10-2022,RAMKY,Smallcap,Realty
01-11-2022,GODFRYPHLP,Midcap,FMCG
01-11-2022,UNICHEMLAB,Smallcap,Pharmaceuticals
01-11-2022,KALYANIFRG,Smallcap,Industrials
01-11-2022,IIFL,Midcap,Finance
01-11-2022,GSS,Smallcap,I.T
02-11-2022,UNICHEMLAB,Smallcap,Pharmaceuticals
02-11-2022,KALYANIFRG,Smallcap,Industrials
02-11-2022,HONDAPOWER,Smallcap,FMCG
02-11-2022,COCHINSHIP,Midcap,Industrials
02-11-2022,AXISCADES,Smallcap,I.T
02-11-2022,KTKBANK,Smallcap,Bank
03-11-2022,RAYMOND,Midcap,Textiles
03-11-2022,UNICHEMLAB,Smallcap,Pharmaceuticals
03-11-2022,COCHINSHIP,Midcap,Industrials
03-11-2022,GRSE,Midcap,Industrials
03-11-2022,AXISCADES,Smallcap,I.T
03-11-2022,KTKBANK,Smallcap,Bank
04-11-2022,RAYMOND,Midcap,Textiles
04-11-2022,GOACARBON,Smallcap,Industrials
04-11-2022,DREDGECORP,Smallcap,Miscellaneous
04-11-2022,VIMTALABS,Smallcap,Miscellaneous
04-11-2022,COCHINSHIP,Midcap,Industrials
04-11-2022,GRSE,Midcap,Industrials
04-11-2022,AXISCADES,Smallcap,I.T
04-11-2022,KTKBANK,Smallcap,Bank
07-11-2022,BRITANNIA,Largecap,FMCG
07-11-2022,ELECON,Smallcap,FMCG
07-11-2022,GOACARBON,Smallcap,Industrials
07-11-2022,GANDHITUBE,Smallcap,Metals
07-11-2022,HONDAPOWER,Smallcap,FMCG
07-11-2022,KALPATPOWR,Midcap,FMCG
07-11-2022,VIMTALABS,Smallcap,Miscellaneous
07-11-2022,LINC,Smallcap,Miscellaneous
07-11-2022,BANKBARODA,Largecap,Bank
07-11-2022,AXISCADES,Smallcap,I.T
07-11-2022,MPSLTD,Smallcap,Media
07-11-2022,KTKBANK,Smallcap,Bank
07-11-2022,KAMDHENU,Smallcap,Metals
07-11-2022,REFEX,Smallcap,Industrials
09-11-2022,KOTAKPSUBK,Smallcap,Indices
09-11-2022,BRITANNIA,Largecap,FMCG
09-11-2022,ELECON,Smallcap,FMCG
09-11-2022,GOACARBON,Smallcap,Industrials
09-11-2022,GANDHITUBE,Smallcap,Metals
09-11-2022,SUNCLAYLTD,Midcap,Auto
09-11-2022,HONDAPOWER,Smallcap,FMCG
09-11-2022,KALPATPOWR,Midcap,FMCG
09-11-2022,LINC,Smallcap,Miscellaneous
09-11-2022,BANKBARODA,Largecap,Bank
09-11-2022,AXISCADES,Smallcap,I.T
09-11-2022,MPSLTD,Smallcap,Media
09-11-2022,KAMDHENU,Smallcap,Metals
09-11-2022,FIEMIND,Smallcap,Auto
09-11-2022,REFEX,Smallcap,Industrials
10-11-2022,BRITANNIA,Largecap,FMCG
10-11-2022,ELECON,Smallcap,FMCG
10-11-2022,TVSSRICHAK,Smallcap,Auto
10-11-2022,GANDHITUBE,Smallcap,Metals
10-11-2022,SUNCLAYLTD,Midcap,Auto
10-11-2022,HONDAPOWER,Smallcap,FMCG
10-11-2022,LINC,Smallcap,Miscellaneous
10-11-2022,BANKBARODA,Largecap,Bank
10-11-2022,ACCELYA,Smallcap,I.T
10-11-2022,AXISCADES,Smallcap,I.T
10-11-2022,MPSLTD,Smallcap,Media
10-11-2022,KAMDHENU,Smallcap,Metals
10-11-2022,FIEMIND,Smallcap,Auto
10-11-2022,REFEX,Smallcap,Industrials
11-11-2022,ELECON,Smallcap,FMCG
11-11-2022,TVSSRICHAK,Smallcap,Auto
11-11-2022,GANDHITUBE,Smallcap,Metals
11-11-2022,HONDAPOWER,Smallcap,FMCG
11-11-2022,COCHINSHIP,Midcap,Industrials
11-11-2022,LINC,Smallcap,Miscellaneous
11-11-2022,MPSLTD,Smallcap,Media
11-11-2022,KAMDHENU,Smallcap,Metals
11-11-2022,FIEMIND,Smallcap,Auto
11-11-2022,REFEX,Smallcap,Industrials
11-11-2022,RPGLIFE,Smallcap,Pharmaceuticals
14-11-2022,GODFRYPHLP,Midcap,FMCG
14-11-2022,GABRIEL,Smallcap,Auto
14-11-2022,GOCLCORP,Smallcap,Industrials
14-11-2022,SUNCLAYLTD,Midcap,Auto
14-11-2022,JTEKTINDIA,Smallcap,Auto
14-11-2022,DREDGECORP,Smallcap,Miscellaneous
14-11-2022,COCHINSHIP,Midcap,Industrials
14-11-2022,SANGHVIMOV,Smallcap,FMCG
14-11-2022,LINC,Smallcap,Miscellaneous
14-11-2022,ACCELYA,Smallcap,I.T
14-11-2022,KAMDHENU,Smallcap,Metals
14-11-2022,FIEMIND,Smallcap,Auto
14-11-2022,GSS,Smallcap,I.T
15-11-2022,REVATHI,Smallcap,FMCG
15-11-2022,GABRIEL,Smallcap,Auto
15-11-2022,GOCLCORP,Smallcap,Industrials
15-11-2022,SHREYANIND,Smallcap,Industrials
15-11-2022,SUNCLAYLTD,Midcap,Auto
15-11-2022,JTEKTINDIA,Smallcap,Auto
15-11-2022,DREDGECORP,Smallcap,Miscellaneous
15-11-2022,COCHINSHIP,Midcap,Industrials
15-11-2022,SANGHVIMOV,Smallcap,FMCG
15-11-2022,ALICON,Smallcap,Auto
15-11-2022,LINC,Smallcap,Miscellaneous
15-11-2022,ACCELYA,Smallcap,I.T
15-11-2022,KAMDHENU,Smallcap,Metals
15-11-2022,REFEX,Smallcap,Industrials
15-11-2022,GSS,Smallcap,I.T
16-11-2022,REVATHI,Smallcap,FMCG
16-11-2022,GABRIEL,Smallcap,Auto
16-11-2022,GOCLCORP,Smallcap,Industrials
16-11-2022,GANECOS,Smallcap,Textiles
16-11-2022,SUNCLAYLTD,Midcap,Auto
16-11-2022,JTEKTINDIA,Smallcap,Auto
16-11-2022,PANAMAPET,Smallcap,Oils
16-11-2022,SANGHVIMOV,Smallcap,FMCG
16-11-2022,ALICON,Smallcap,Auto
16-11-2022,LINC,Smallcap,Miscellaneous
16-11-2022,KAMDHENU,Smallcap,Metals
16-11-2022,GSS,Smallcap,I.T
16-11-2022,KIRLOSENG,Smallcap,FMCG
17-11-2022,GODFRYPHLP,Midcap,FMCG
17-11-2022,REVATHI,Smallcap,FMCG
17-11-2022,GOCLCORP,Smallcap,Industrials
17-11-2022,VINDHYATEL,Smallcap,Industrials
17-11-2022,JTEKTINDIA,Smallcap,Auto
17-11-2022,DREDGECORP,Smallcap,Miscellaneous
17-11-2022,PANAMAPET,Smallcap,Oils
17-11-2022,SANGHVIMOV,Smallcap,FMCG
17-11-2022,KAMDHENU,Smallcap,Metals
17-11-2022,KIRLOSENG,Smallcap,FMCG
18-11-2022,REVATHI,Smallcap,FMCG
18-11-2022,GABRIEL,Smallcap,Auto
18-11-2022,GOCLCORP,Smallcap,Industrials
18-11-2022,VINDHYATEL,Smallcap,Industrials
18-11-2022,JTEKTINDIA,Smallcap,Auto
18-11-2022,HONDAPOWER,Smallcap,FMCG
18-11-2022,TCPLPACK,Smallcap,Services
18-11-2022,PANAMAPET,Smallcap,Oils
18-11-2022,ALICON,Smallcap,Auto
18-11-2022,KAMDHENU,Smallcap,Metals
18-11-2022,KIRLOSENG,Smallcap,FMCG
21-11-2022,REVATHI,Smallcap,FMCG
21-11-2022,GOCLCORP,Smallcap,Industrials
21-11-2022,VINDHYATEL,Smallcap,Industrials
21-11-2022,JTEKTINDIA,Smallcap,Auto
21-11-2022,HONDAPOWER,Smallcap,FMCG
21-11-2022,TCPLPACK,Smallcap,Services
21-11-2022,PANAMAPET,Smallcap,Oils
21-11-2022,KAMDHENU,Smallcap,Metals
22-11-2022,GOCLCORP,Smallcap,Industrials
22-11-2022,BSL,Smallcap,Textiles
22-11-2022,LUMAXIND,Smallcap,Auto
22-11-2022,JTEKTINDIA,Smallcap,Auto
22-11-2022,HITECH,Smallcap,Metals
22-11-2022,PANAMAPET,Smallcap,Oils
22-11-2022,IIFL,Midcap,Finance
22-11-2022,KAMDHENU,Smallcap,Metals
23-11-2022,ARROWGREEN,Smallcap,FMCG
23-11-2022,JTEKTINDIA,Smallcap,Auto
23-11-2022,RCF,Midcap,Industrials
23-11-2022,HITECH,Smallcap,Metals
23-11-2022,CANBK,Largecap,Bank
23-11-2022,IIFL,Midcap,Finance
23-11-2022,KAMDHENU,Smallcap,Metals
23-11-2022,RHIM,Midcap,Industrials
24-11-2022,NLCINDIA,Midcap,Miscellaneous
24-11-2022,BSL,Smallcap,Textiles
24-11-2022,SHREYANIND,Smallcap,Industrials
24-11-2022,ARROWGREEN,Smallcap,FMCG
24-11-2022,RCF,Midcap,Industrials
24-11-2022,HITECH,Smallcap,Metals
24-11-2022,CANBK,Largecap,Bank
24-11-2022,IIFL,Midcap,Finance
24-11-2022,ICRA,Smallcap,Miscellaneous
24-11-2022,ROSSELLIND,Smallcap,FMCG
24-11-2022,RHIM,Midcap,Industrials
25-11-2022,NLCINDIA,Midcap,Miscellaneous
25-11-2022,BSL,Smallcap,Textiles
25-11-2022,ARROWGREEN,Smallcap,FMCG
25-11-2022,RCF,Midcap,Industrials
25-11-2022,HITECH,Smallcap,Metals
25-11-2022,PANAMAPET,Smallcap,Oils
25-11-2022,ROSSELLIND,Smallcap,FMCG
28-11-2022,CUMMINSIND,Largecap,FMCG
28-11-2022,GESHIP,Midcap,Services
28-11-2022,CEATLTD,Midcap,Auto
28-11-2022,GABRIEL,Smallcap,Auto
28-11-2022,NLCINDIA,Midcap,Miscellaneous
28-11-2022,ARROWGREEN,Smallcap,FMCG
28-11-2022,RCF,Midcap,Industrials
28-11-2022,HITECH,Smallcap,Metals
28-11-2022,PANAMAPET,Smallcap,Oils
28-11-2022,ABCAPITAL,Largecap,Finance
28-11-2022,WELENT,Smallcap,Realty
28-11-2022,PFOCUS,Smallcap,Media
28-11-2022,TWL,Smallcap,FMCG
29-11-2022,CEATLTD,Midcap,Auto
29-11-2022,NLCINDIA,Midcap,Miscellaneous
29-11-2022,ARROWGREEN,Smallcap,FMCG
29-11-2022,ABCAPITAL,Largecap,Finance
29-11-2022,IDFNIFTYET,Smallcap,Indices
29-11-2022,WELENT,Smallcap,Realty
29-11-2022,PFOCUS,Smallcap,Media
29-11-2022,ICRA,Smallcap,Miscellaneous
30-11-2022,CUMMINSIND,Largecap,FMCG
30-11-2022,ARROWGREEN,Smallcap,FMCG
30-11-2022,MAHAPEXLTD,Smallcap,Finance
30-11-2022,ABCAPITAL,Largecap,Finance
30-11-2022,IDFNIFTYET,Smallcap,Indices
30-11-2022,PFOCUS,Smallcap,Media
30-11-2022,REFEX,Smallcap,Industrials
30-11-2022,JYOTHYLAB,Midcap,FMCG
30-11-2022,VBL,Largecap,FMCG
01-12-2022,MAHAPEXLTD,Smallcap,Finance
01-12-2022,ABCAPITAL,Largecap,Finance
01-12-2022,JINDALSTEL,Largecap,Metals
01-12-2022,TWL,Smallcap,FMCG
01-12-2022,VBL,Largecap,FMCG
02-12-2022,RAYMOND,Midcap,Textiles
02-12-2022,JKLAKSHMI,Midcap,Industrials
02-12-2022,BRITANNIA,Largecap,FMCG
02-12-2022,MAHAPEXLTD,Smallcap,Finance
02-12-2022,ABCAPITAL,Largecap,Finance
02-12-2022,MOLDTECH,Smallcap,Industrials
02-12-2022,JINDALSTEL,Largecap,Metals
02-12-2022,WELENT,Smallcap,Realty
02-12-2022,KTKBANK,Smallcap,Bank
02-12-2022,TWL,Smallcap,FMCG
02-12-2022,SKIPPER,Smallcap,Industrials
02-12-2022,VBL,Largecap,FMCG
05-12-2022,JKLAKSHMI,Midcap,Industrials
05-12-2022,TTKHLTCARE,Smallcap,Pharmaceuticals
05-12-2022,ABCAPITAL,Largecap,Finance
05-12-2022,MOLDTECH,Smallcap,Industrials
05-12-2022,WELENT,Smallcap,Realty
05-12-2022,NELCAST,Smallcap,Industrials
05-12-2022,ARIES,Smallcap,Industrials
05-12-2022,TWL,Smallcap,FMCG
05-12-2022,GRAVITA,Smallcap,Metals
05-12-2022,SKIPPER,Smallcap,Industrials
05-12-2022,VBL,Largecap,FMCG
06-12-2022,JKLAKSHMI,Midcap,Industrials
06-12-2022,TTKHLTCARE,Smallcap,Pharmaceuticals
06-12-2022,ABCAPITAL,Largecap,Finance
06-12-2022,MOLDTECH,Smallcap,Industrials
06-12-2022,BANKBARODA,Largecap,Bank
06-12-2022,PONNIERODE,Smallcap,FMCG
06-12-2022,JSL,Midcap,Metals
06-12-2022,NELCAST,Smallcap,Industrials
06-12-2022,ARIES,Smallcap,Industrials
06-12-2022,GRAVITA,Smallcap,Metals
06-12-2022,SKIPPER,Smallcap,Industrials
06-12-2022,JSLHISAR,Midcap,Metals
07-12-2022,FACT,Midcap,Industrials
07-12-2022,TTKHLTCARE,Smallcap,Pharmaceuticals
07-12-2022,BANKBARODA,Largecap,Bank
07-12-2022,PONNIERODE,Smallcap,FMCG
07-12-2022,JSL,Midcap,Metals
07-12-2022,ARIES,Smallcap,Industrials
07-12-2022,GRAVITA,Smallcap,Metals
07-12-2022,JSLHISAR,Midcap,Metals
08-12-2022,FACT,Midcap,Industrials
08-12-2022,KOTAKPSUBK,Smallcap,Indices
08-12-2022,GODFRYPHLP,Midcap,FMCG
08-12-2022,JKLAKSHMI,Midcap,Industrials
08-12-2022,BANKBARODA,Largecap,Bank
08-12-2022,JSL,Midcap,Metals
08-12-2022,ARIES,Smallcap,Industrials
08-12-2022,GRAVITA,Smallcap,Metals
08-12-2022,SKIPPER,Smallcap,Industrials
08-12-2022,JSLHISAR,Midcap,Metals
09-12-2022,GODFRYPHLP,Midcap,FMCG
09-12-2022,MOLDTECH,Smallcap,Industrials
09-12-2022,LINC,Smallcap,Miscellaneous
09-12-2022,BANKBARODA,Largecap,Bank
09-12-2022,GRAVITA,Smallcap,Metals
09-12-2022,VBL,Largecap,FMCG
12-12-2022,FACT,Midcap,Industrials
12-12-2022,MOLDTECH,Smallcap,Industrials
12-12-2022,SANDESH,Smallcap,Media
12-12-2022,THEMISMED,Smallcap,Pharmaceuticals
12-12-2022,JSL,Midcap,Metals
12-12-2022,KKCL,Smallcap,FMCG
12-12-2022,NELCAST,Smallcap,Industrials
12-12-2022,GRAVITA,Smallcap,Metals
12-12-2022,VSSL,Smallcap,Metals
12-12-2022,JSLHISAR,Midcap,Metals
13-12-2022,FACT,Midcap,Industrials
13-12-2022,KOKUYOCMLN,Smallcap,Miscellaneous
13-12-2022,PALASHSECU,Smallcap,Finance
13-12-2022,MOLDTECH,Smallcap,Industrials
13-12-2022,SANDESH,Smallcap,Media
13-12-2022,APARINDS,Midcap,FMCG
13-12-2022,JSL,Midcap,Metals
13-12-2022,KKCL,Smallcap,FMCG
13-12-2022,GRAVITA,Smallcap,Metals
13-12-2022,VSSL,Smallcap,Metals
13-12-2022,JSLHISAR,Midcap,Metals
14-12-2022,GICHSGFIN,Smallcap,Finance
14-12-2022,PALASHSECU,Smallcap,Finance
14-12-2022,SANDESH,Smallcap,Media
14-12-2022,JSL,Midcap,Metals
14-12-2022,KKCL,Smallcap,FMCG
14-12-2022,VSSL,Smallcap,Metals
15-12-2022,FACT,Midcap,Industrials
15-12-2022,GICHSGFIN,Smallcap,Finance
15-12-2022,SHRIPISTON,Smallcap,Auto
15-12-2022,PALASHSECU,Smallcap,Finance
15-12-2022,SANDESH,Smallcap,Media
15-12-2022,MAHINDCIE,Midcap,Industrials
15-12-2022,ARIES,Smallcap,Industrials
15-12-2022,VSSL,Smallcap,Metals
15-12-2022,MAXIND,Smallcap,Miscellaneous
16-12-2022,FACT,Midcap,Industrials
16-12-2022,SHRIPISTON,Smallcap,Auto
16-12-2022,PALASHSECU,Smallcap,Finance
16-12-2022,THEMISMED,Smallcap,Pharmaceuticals
16-12-2022,PONNIERODE,Smallcap,FMCG
16-12-2022,MAHINDCIE,Midcap,Industrials
16-12-2022,ARIES,Smallcap,Industrials
16-12-2022,VSSL,Smallcap,Metals
16-12-2022,MAXIND,Smallcap,Miscellaneous
19-12-2022,FACT,Midcap,Industrials
19-12-2022,SHRIPISTON,Smallcap,Auto
19-12-2022,PALASHSECU,Smallcap,Finance
20-12-2022,FACT,Midcap,Industrials
20-12-2022,SHRIPISTON,Smallcap,Auto
21-12-2022,FACT,Midcap,Industrials
21-12-2022,SHRIPISTON,Smallcap,Auto
27-12-2022,SUNFLAG,Smallcap,Metals
27-12-2022,NAVA,Smallcap,Miscellaneous
27-12-2022,CENTUM,Smallcap,FMCG
27-12-2022,SANDESH,Smallcap,Media
27-12-2022,PONNIERODE,Smallcap,FMCG
28-12-2022,NAVA,Smallcap,Miscellaneous
28-12-2022,CENTUM,Smallcap,FMCG
28-12-2022,SANDESH,Smallcap,Media
28-12-2022,ARIES,Smallcap,Industrials
28-12-2022,TWL,Smallcap,FMCG
28-12-2022,ARVSMART,Smallcap,Realty
29-12-2022,NACLIND,Smallcap,Industrials
29-12-2022,SANDESH,Smallcap,Media
29-12-2022,PONNIERODE,Smallcap,FMCG
29-12-2022,ARIES,Smallcap,Industrials
29-12-2022,TWL,Smallcap,FMCG
29-12-2022,ARVSMART,Smallcap,Realty
29-12-2022,JSLHISAR,Midcap,Metals
30-12-2022,TAINWALCHM,Smallcap,FMCG
30-12-2022,NACLIND,Smallcap,Industrials
30-12-2022,MOLDTECH,Smallcap,Industrials
30-12-2022,SANDESH,Smallcap,Media
30-12-2022,APARINDS,Midcap,FMCG
30-12-2022,PONNIERODE,Smallcap,FMCG
30-12-2022,JSL,Midcap,Metals
30-12-2022,TWL,Smallcap,FMCG
30-12-2022,ARVSMART,Smallcap,Realty
30-12-2022,JSLHISAR,Midcap,Metals
02-01-2023,SUNFLAG,Smallcap,Metals
02-01-2023,GRPLTD,Smallcap,FMCG
02-01-2023,MOLDTECH,Smallcap,Industrials
02-01-2023,APOLLO,Smallcap,I.T
02-01-2023,TECHNOE,Smallcap,Realty
02-01-2023,PONNIERODE,Smallcap,FMCG
02-01-2023,JSL,Midcap,Metals
02-01-2023,TWL,Smallcap,FMCG
02-01-2023,JSLHISAR,Midcap,Metals
03-01-2023,LAMBODHARA,Smallcap,Textiles
03-01-2023,MOLDTECH,Smallcap,Industrials
03-01-2023,APOLLO,Smallcap,I.T
03-01-2023,SANGHVIMOV,Smallcap,FMCG
03-01-2023,TECHNOE,Smallcap,Realty
03-01-2023,JSL,Midcap,Metals
03-01-2023,TWL,Smallcap,FMCG
04-01-2023,LAMBODHARA,Smallcap,Textiles
04-01-2023,SALZERELEC,Smallcap,FMCG
04-01-2023,SHRIPISTON,Smallcap,Auto
04-01-2023,APOLLO,Smallcap,I.T
04-01-2023,TECHNOE,Smallcap,Realty
04-01-2023,TVSELECT,Smallcap,I.T
05-01-2023,LAMBODHARA,Smallcap,Textiles
05-01-2023,GRPLTD,Smallcap,FMCG
05-01-2023,TVSSRICHAK,Smallcap,Auto
05-01-2023,SHRIPISTON,Smallcap,Auto
05-01-2023,MOLDTECH,Smallcap,Industrials
05-01-2023,APOLLO,Smallcap,I.T
05-01-2023,TECHNOE,Smallcap,Realty
05-01-2023,TVSELECT,Smallcap,I.T
06-01-2023,LAMBODHARA,Smallcap,Textiles
06-01-2023,GRPLTD,Smallcap,FMCG
06-01-2023,TVSSRICHAK,Smallcap,Auto
06-01-2023,SALZERELEC,Smallcap,FMCG
06-01-2023,TECHNOE,Smallcap,Realty
06-01-2023,TVSELECT,Smallcap,I.T
09-01-2023,SAKSOFT,Smallcap,I.T
09-01-2023,LAMBODHARA,Smallcap,Textiles
09-01-2023,AUTOAXLES,Smallcap,Auto
09-01-2023,SALZERELEC,Smallcap,FMCG
09-01-2023,TECHNOE,Smallcap,Realty
09-01-2023,TVSELECT,Smallcap,I.T
10-01-2023,LAMBODHARA,Smallcap,Textiles
11-01-2023,SALZERELEC,Smallcap,FMCG
11-01-2023,STERTOOLS,Smallcap,Industrials
11-01-2023,MAANALU,Smallcap,Metals
12-01-2023,AUTOAXLES,Smallcap,Auto
12-01-2023,GRPLTD,Smallcap,FMCG
12-01-2023,STERTOOLS,Smallcap,Industrials
12-01-2023,DSSL,Smallcap,I.T
13-01-2023,SUNFLAG,Smallcap,Metals
13-01-2023,STERTOOLS,Smallcap,Industrials
13-01-2023,DSSL,Smallcap,I.T
13-01-2023,MAHINDCIE,Midcap,Industrials
16-01-2023,SUNFLAG,Smallcap,Metals
16-01-2023,DSSL,Smallcap,I.T
16-01-2023,MAHINDCIE,Midcap,Industrials
17-01-2023,MAANALU,Smallcap,Metals
18-01-2023,MAANALU,Smallcap,Metals
19-01-2023,HISARMETAL,Smallcap,Metals
19-01-2023,USHAMART,Midcap,Metals
20-01-2023,HISARMETAL,Smallcap,Metals
20-01-2023,USHAMART,Midcap,Metals
23-01-2023,DSSL,Smallcap,I.T
23-01-2023,MANAKSIA,Smallcap,Metals
24-01-2023,DSSL,Smallcap,I.T
24-01-2023,MANAKSIA,Smallcap,Metals
24-01-2023,GRAVITA,Smallcap,Metals
25-01-2023,DSSL,Smallcap,I.T
25-01-2023,MANAKSIA,Smallcap,Metals
25-01-2023,GRAVITA,Smallcap,Metals
27-01-2023,DSSL,Smallcap,I.T
30-01-2023,AUTOAXLES,Smallcap,Auto
30-01-2023,RATNAMANI,Midcap,Metals
30-01-2023,GRAVITA,Smallcap,Metals
31-01-2023,AUTOAXLES,Smallcap,Auto
31-01-2023,RATNAMANI,Midcap,Metals
31-01-2023,MANAKSIA,Smallcap,Metals
01-02-2023,JINDALSAW,Smallcap,Metals
01-02-2023,AUTOAXLES,Smallcap,Auto
01-02-2023,SKMEGGPROD,Smallcap,FMCG
01-02-2023,MANAKSIA,Smallcap,Metals
02-02-2023,BLUESTARCO,Midcap,FMCG
02-02-2023,JINDALSAW,Smallcap,Metals
02-02-2023,AUTOAXLES,Smallcap,Auto
02-02-2023,SKMEGGPROD,Smallcap,FMCG
02-02-2023,APARINDS,Midcap,FMCG
02-02-2023,MANAKSIA,Smallcap,Metals
03-02-2023,BLUESTARCO,Midcap,FMCG
03-02-2023,AUTOAXLES,Smallcap,Auto
03-02-2023,SKMEGGPROD,Smallcap,FMCG
03-02-2023,MOLDTECH,Smallcap,Industrials
03-02-2023,MANAKSIA,Smallcap,Metals
06-02-2023,BLUESTARCO,Midcap,FMCG
06-02-2023,JINDALSAW,Smallcap,Metals
06-02-2023,UNIENTER,Smallcap,Services
06-02-2023,GRPLTD,Smallcap,FMCG
06-02-2023,MOLDTECH,Smallcap,Industrials
06-02-2023,CERA,Midcap,Industrials
06-02-2023,M&MFIN,Largecap,Finance
06-02-2023,WONDERLA,Smallcap,Media
07-02-2023,BLUESTARCO,Midcap,FMCG
07-02-2023,UNIENTER,Smallcap,Services
07-02-2023,GRPLTD,Smallcap,FMCG
07-02-2023,SKMEGGPROD,Smallcap,FMCG
07-02-2023,MOLDTECH,Smallcap,Industrials
07-02-2023,APARINDS,Midcap,FMCG
07-02-2023,CERA,Midcap,Industrials
07-02-2023,M&MFIN,Largecap,Finance
07-02-2023,ACE,Smallcap,FMCG
07-02-2023,WONDERLA,Smallcap,Media
08-02-2023,JINDALSAW,Smallcap,Metals
08-02-2023,UNIENTER,Smallcap,Services
08-02-2023,GRPLTD,Smallcap,FMCG
08-02-2023,SKMEGGPROD,Smallcap,FMCG
08-02-2023,MOLDTECH,Smallcap,Industrials
08-02-2023,APARINDS,Midcap,FMCG
08-02-2023,RML,Smallcap,Auto
08-02-2023,M&MFIN,Largecap,Finance
08-02-2023,ACE,Smallcap,FMCG
08-02-2023,BFINVEST,Smallcap,Finance
08-02-2023,WONDERLA,Smallcap,Media
09-02-2023,SUNFLAG,Smallcap,Metals
09-02-2023,CUMMINSIND,Largecap,FMCG
09-02-2023,GRPLTD,Smallcap,FMCG
09-02-2023,SKMEGGPROD,Smallcap,FMCG
09-02-2023,CERA,Midcap,Industrials
09-02-2023,M&MFIN,Largecap,Finance
09-02-2023,ACE,Smallcap,FMCG
09-02-2023,BFINVEST,Smallcap,Finance
09-02-2023,CIGNITITEC,Smallcap,I.T
09-02-2023,WONDERLA,Smallcap,Media
10-02-2023,UNIENTER,Smallcap,Services
10-02-2023,CUMMINSIND,Largecap,FMCG
10-02-2023,SKMEGGPROD,Smallcap,FMCG
10-02-2023,MOLDTECH,Smallcap,Industrials
10-02-2023,HGINFRA,Smallcap,Realty
10-02-2023,CERA,Midcap,Industrials
10-02-2023,RML,Smallcap,Auto
10-02-2023,BFINVEST,Smallcap,Finance
10-02-2023,CIGNITITEC,Smallcap,I.T
13-02-2023,CUMMINSIND,Largecap,FMCG
13-02-2023,HGINFRA,Smallcap,Realty
13-02-2023,CERA,Midcap,Industrials
13-02-2023,RML,Smallcap,Auto
13-02-2023,TIIL,Smallcap,Metals
13-02-2023,CIGNITITEC,Smallcap,I.T
14-02-2023,FINCABLES,Midcap,Industrials
14-02-2023,HGINFRA,Smallcap,Realty
14-02-2023,CIGNITITEC,Smallcap,I.T
14-02-2023,WONDERLA,Smallcap,Media
15-02-2023,FINCABLES,Midcap,Industrials
15-02-2023,SIEMENS,Largecap,FMCG
15-02-2023,TIIL,Smallcap,Metals
15-02-2023,APLAPOLLO,Largecap,Metals
16-02-2023,FINCABLES,Midcap,Industrials
16-02-2023,LINC,Smallcap,Miscellaneous
16-02-2023,TIIL,Smallcap,Metals
16-02-2023,APLAPOLLO,Largecap,Metals
17-02-2023,FINCABLES,Midcap,Industrials
17-02-2023,BANSWRAS,Smallcap,Textiles
17-02-2023,APLAPOLLO,Largecap,Metals